,Survived,Pclass,Sex,Age,Fare,Embarked,Class,Adult_Male,Embarktown
0,0,3,male,22.0,7.25,S,Third,True,Southampton
1,1,1,female,38.0,71.2833,C,First,False,Cherbourg
2,1,3,female,26.0,7.925,S,Third,False,Southampton
3,1,1,female,35.0,53.1,S,First,False,Southampton
4,0,3,male,35.0,8.05,S,Third,True,Southampton
5,0,3,male,29.69911764705882,8.4583,Q,Third,True,Queenstown
6,0,1,male,54.0,51.8625,S,First,True,Southampton
7,0,3,male,2.0,21.075,S,Third,False,Southampton
8,1,3,female,27.0,11.1333,S,Third,False,Southampton
9,1,2,female,14.0,30.0708,C,Second,False,Cherbourg
10,1,3,female,4.0,16.7,S,Third,False,Southampton
11,1,1,female,58.0,26.55,S,First,False,Southampton
12,0,3,male,20.0,8.05,S,Third,True,Southampton
13,0,3,male,39.0,31.275,S,Third,True,Southampton
14,0,3,female,14.0,7.8542,S,Third,False,Southampton
15,1,2,female,55.0,16.0,S,Second,False,Southampton
16,0,3,male,2.0,29.125,Q,Third,False,Queenstown
17,1,2,male,29.69911764705882,13.0,S,Second,True,Southampton
18,0,3,female,31.0,18.0,S,Third,False,Southampton
19,1,3,female,29.69911764705882,7.225,C,Third,False,Cherbourg
20,0,2,male,35.0,26.0,S,Second,True,Southampton
21,1,2,male,34.0,13.0,S,Second,True,Southampton
22,1,3,female,15.0,8.0292,Q,Third,False,Queenstown
23,1,1,male,28.0,35.5,S,First,True,Southampton
24,0,3,female,8.0,21.075,S,Third,False,Southampton
25,1,3,female,38.0,31.3875,S,Third,False,Southampton
26,0,3,male,29.69911764705882,7.225,C,Third,True,Cherbourg
27,0,1,male,19.0,263.0,S,First,True,Southampton
28,1,3,female,29.69911764705882,7.8792,Q,Third,False,Queenstown
29,0,3,male,29.69911764705882,7.8958,S,Third,True,Southampton
30,0,1,male,40.0,27.7208,C,First,True,Cherbourg
31,1,1,female,29.69911764705882,146.5208,C,First,False,Cherbourg
32,1,3,female,29.69911764705882,7.75,Q,Third,False,Queenstown
33,0,2,male,66.0,10.5,S,Second,True,Southampton
34,0,1,male,28.0,82.1708,C,First,True,Cherbourg
35,0,1,male,42.0,52.0,S,First,True,Southampton
36,1,3,male,29.69911764705882,7.2292,C,Third,True,Cherbourg
37,0,3,male,21.0,8.05,S,Third,True,Southampton
38,0,3,female,18.0,18.0,S,Third,False,Southampton
39,1,3,female,14.0,11.2417,C,Third,False,Cherbourg
40,0,3,female,40.0,9.475,S,Third,False,Southampton
41,0,2,female,27.0,21.0,S,Second,False,Southampton
42,0,3,male,29.69911764705882,7.8958,C,Third,True,Cherbourg
43,1,2,female,3.0,41.5792,C,Second,False,Cherbourg
44,1,3,female,19.0,7.8792,Q,Third,False,Queenstown
45,0,3,male,29.69911764705882,8.05,S,Third,True,Southampton
46,0,3,male,29.69911764705882,15.5,Q,Third,True,Queenstown
47,1,3,female,29.69911764705882,7.75,Q,Third,False,Queenstown
48,0,3,male,29.69911764705882,21.6792,C,Third,True,Cherbourg
49,0,3,female,18.0,17.8,S,Third,False,Southampton
50,0,3,male,7.0,39.6875,S,Third,False,Southampton
51,0,3,male,21.0,7.8,S,Third,True,Southampton
52,1,1,female,49.0,76.7292,C,First,False,Cherbourg
53,1,2,female,29.0,26.0,S,Second,False,Southampton
54,0,1,male,65.0,61.9792,C,First,True,Cherbourg
55,1,1,male,29.69911764705882,35.5,S,First,True,Southampton
56,1,2,female,21.0,10.5,S,Second,False,Southampton
57,0,3,male,28.5,7.2292,C,Third,True,Cherbourg
58,1,2,female,5.0,27.75,S,Second,False,Southampton
59,0,3,male,11.0,46.9,S,Third,False,Southampton
60,0,3,male,22.0,7.2292,C,Third,True,Cherbourg
61,1,1,female,38.0,80.0,,First,False,
62,0,1,male,45.0,83.475,S,First,True,Southampton
63,0,3,male,4.0,27.9,S,Third,False,Southampton
64,0,1,male,29.69911764705882,27.7208,C,First,True,Cherbourg
65,1,3,male,29.69911764705882,15.2458,C,Third,True,Cherbourg
66,1,2,female,29.0,10.5,S,Second,False,Southampton
67,0,3,male,19.0,8.1583,S,Third,True,Southampton
68,1,3,female,17.0,7.925,S,Third,False,Southampton
69,0,3,male,26.0,8.6625,S,Third,True,Southampton
70,0,2,male,32.0,10.5,S,Second,True,Southampton
71,0,3,female,16.0,46.9,S,Third,False,Southampton
72,0,2,male,21.0,73.5,S,Second,True,Southampton
73,0,3,male,26.0,14.4542,C,Third,True,Cherbourg
74,1,3,male,32.0,56.4958,S,Third,True,Southampton
75,0,3,male,25.0,7.65,S,Third,True,Southampton
76,0,3,male,29.69911764705882,7.8958,S,Third,True,Southampton
77,0,3,male,29.69911764705882,8.05,S,Third,True,Southampton
78,1,2,male,0.83,29.0,S,Second,False,Southampton
79,1,3,female,30.0,12.475,S,Third,False,Southampton
80,0,3,male,22.0,9.0,S,Third,True,Southampton
81,1,3,male,29.0,9.5,S,Third,True,Southampton
82,1,3,female,29.69911764705882,7.7875,Q,Third,False,Queenstown
83,0,1,male,28.0,47.1,S,First,True,Southampton
84,1,2,female,17.0,10.5,S,Second,False,Southampton
85,1,3,female,33.0,15.85,S,Third,False,Southampton
86,0,3,male,16.0,34.375,S,Third,True,Southampton
87,0,3,male,29.69911764705882,8.05,S,Third,True,Southampton
88,1,1,female,23.0,263.0,S,First,False,Southampton
89,0,3,male,24.0,8.05,S,Third,True,Southampton
90,0,3,male,29.0,8.05,S,Third,True,Southampton
91,0,3,male,20.0,7.8542,S,Third,True,Southampton
92,0,1,male,46.0,61.175,S,First,True,Southampton
93,0,3,male,26.0,20.575,S,Third,True,Southampton
94,0,3,male,59.0,7.25,S,Third,True,Southampton
95,0,3,male,29.69911764705882,8.05,S,Third,True,Southampton
96,0,1,male,71.0,34.6542,C,First,True,Cherbourg
97,1,1,male,23.0,63.3583,C,First,True,Cherbourg
98,1,2,female,34.0,23.0,S,Second,False,Southampton
99,0,2,male,34.0,26.0,S,Second,True,Southampton
100,0,3,female,28.0,7.8958,S,Third,False,Southampton
101,0,3,male,29.69911764705882,7.8958,S,Third,True,Southampton
102,0,1,male,21.0,77.2875,S,First,True,Southampton
103,0,3,male,33.0,8.6542,S,Third,True,Southampton
104,0,3,male,37.0,7.925,S,Third,True,Southampton
105,0,3,male,28.0,7.8958,S,Third,True,Southampton
106,1,3,female,21.0,7.65,S,Third,False,Southampton
107,1,3,male,29.69911764705882,7.775,S,Third,True,Southampton
108,0,3,male,38.0,7.8958,S,Third,True,Southampton
109,1,3,female,29.69911764705882,24.15,Q,Third,False,Queenstown
110,0,1,male,47.0,52.0,S,First,True,Southampton
111,0,3,female,14.5,14.4542,C,Third,False,Cherbourg
112,0,3,male,22.0,8.05,S,Third,True,Southampton
113,0,3,female,20.0,9.825,S,Third,False,Southampton
114,0,3,female,17.0,14.4583,C,Third,False,Cherbourg
115,0,3,male,21.0,7.925,S,Third,True,Southampton
116,0,3,male,70.5,7.75,Q,Third,True,Queenstown
117,0,2,male,29.0,21.0,S,Second,True,Southampton
118,0,1,male,24.0,247.5208,C,First,True,Cherbourg
119,0,3,female,2.0,31.275,S,Third,False,Southampton
120,0,2,male,21.0,73.5,S,Second,True,Southampton
121,0,3,male,29.69911764705882,8.05,S,Third,True,Southampton
122,0,2,male,32.5,30.0708,C,Second,True,Cherbourg
123,1,2,female,32.5,13.0,S,Second,False,Southampton
124,0,1,male,54.0,77.2875,S,First,True,Southampton
125,1,3,male,12.0,11.2417,C,Third,False,Cherbourg
126,0,3,male,29.69911764705882,7.75,Q,Third,True,Queenstown
127,1,3,male,24.0,7.1417,S,Third,True,Southampton
128,1,3,female,29.69911764705882,22.3583,C,Third,False,Cherbourg
129,0,3,male,45.0,6.975,S,Third,True,Southampton
130,0,3,male,33.0,7.8958,C,Third,True,Cherbourg
131,0,3,male,20.0,7.05,S,Third,True,Southampton
132,0,3,female,47.0,14.5,S,Third,False,Southampton
133,1,2,female,29.0,26.0,S,Second,False,Southampton
134,0,2,male,25.0,13.0,S,Second,True,Southampton
135,0,2,male,23.0,15.0458,C,Second,True,Cherbourg
136,1,1,female,19.0,26.2833,S,First,False,Southampton
137,0,1,male,37.0,53.1,S,First,True,Southampton
138,0,3,male,16.0,9.2167,S,Third,True,Southampton
139,0,1,male,24.0,79.2,C,First,True,Cherbourg
140,0,3,female,29.69911764705882,15.2458,C,Third,False,Cherbourg
141,1,3,female,22.0,7.75,S,Third,False,Southampton
142,1,3,female,24.0,15.85,S,Third,False,Southampton
143,0,3,male,19.0,6.75,Q,Third,True,Queenstown
144,0,2,male,18.0,11.5,S,Second,True,Southampton
145,0,2,male,19.0,36.75,S,Second,True,Southampton
146,1,3,male,27.0,7.7958,S,Third,True,Southampton
147,0,3,female,9.0,34.375,S,Third,False,Southampton
148,0,2,male,36.5,26.0,S,Second,True,Southampton
149,0,2,male,42.0,13.0,S,Second,True,Southampton
150,0,2,male,51.0,12.525,S,Second,True,Southampton
151,1,1,female,22.0,66.6,S,First,False,Southampton
152,0,3,male,55.5,8.05,S,Third,True,Southampton
153,0,3,male,40.5,14.5,S,Third,True,Southampton
154,0,3,male,29.69911764705882,7.3125,S,Third,True,Southampton
155,0,1,male,51.0,61.3792,C,First,True,Cherbourg
156,1,3,female,16.0,7.7333,Q,Third,False,Queenstown
157,0,3,male,30.0,8.05,S,Third,True,Southampton
158,0,3,male,29.69911764705882,8.6625,S,Third,True,Southampton
159,0,3,male,29.69911764705882,69.55,S,Third,True,Southampton
160,0,3,male,44.0,16.1,S,Third,True,Southampton
161,1,2,female,40.0,15.75,S,Second,False,Southampton
162,0,3,male,26.0,7.775,S,Third,True,Southampton
163,0,3,male,17.0,8.6625,S,Third,True,Southampton
164,0,3,male,1.0,39.6875,S,Third,False,Southampton
165,1,3,male,9.0,20.525,S,Third,False,Southampton
166,1,1,female,29.69911764705882,55.0,S,First,False,Southampton
167,0,3,female,45.0,27.9,S,Third,False,Southampton
168,0,1,male,29.69911764705882,25.925,S,First,True,Southampton
169,0,3,male,28.0,56.4958,S,Third,True,Southampton
170,0,1,male,61.0,33.5,S,First,True,Southampton
171,0,3,male,4.0,29.125,Q,Third,False,Queenstown
172,1,3,female,1.0,11.1333,S,Third,False,Southampton
173,0,3,male,21.0,7.925,S,Third,True,Southampton
174,0,1,male,56.0,30.6958,C,First,True,Cherbourg
175,0,3,male,18.0,7.8542,S,Third,True,Southampton
176,0,3,male,29.69911764705882,25.4667,S,Third,True,Southampton
177,0,1,female,50.0,28.7125,C,First,False,Cherbourg
178,0,2,male,30.0,13.0,S,Second,True,Southampton
179,0,3,male,36.0,0.0,S,Third,True,Southampton
180,0,3,female,29.69911764705882,69.55,S,Third,False,Southampton
181,0,2,male,29.69911764705882,15.05,C,Second,True,Cherbourg
182,0,3,male,9.0,31.3875,S,Third,False,Southampton
183,1,2,male,1.0,39.0,S,Second,False,Southampton
184,1,3,female,4.0,22.025,S,Third,False,Southampton
185,0,1,male,29.69911764705882,50.0,S,First,True,Southampton
186,1,3,female,29.69911764705882,15.5,Q,Third,False,Queenstown
187,1,1,male,45.0,26.55,S,First,True,Southampton
188,0,3,male,40.0,15.5,Q,Third,True,Queenstown
189,0,3,male,36.0,7.8958,S,Third,True,Southampton
190,1,2,female,32.0,13.0,S,Second,False,Southampton
191,0,2,male,19.0,13.0,S,Second,True,Southampton
192,1,3,female,19.0,7.8542,S,Third,False,Southampton
193,1,2,male,3.0,26.0,S,Second,False,Southampton
194,1,1,female,44.0,27.7208,C,First,False,Cherbourg
195,1,1,female,58.0,146.5208,C,First,False,Cherbourg
196,0,3,male,29.69911764705882,7.75,Q,Third,True,Queenstown
197,0,3,male,42.0,8.4042,S,Third,True,Southampton
198,1,3,female,29.69911764705882,7.75,Q,Third,False,Queenstown
199,0,2,female,24.0,13.0,S,Second,False,Southampton
200,0,3,male,28.0,9.5,S,Third,True,Southampton
201,0,3,male,29.69911764705882,69.55,S,Third,True,Southampton
202,0,3,male,34.0,6.4958,S,Third,True,Southampton
203,0,3,male,45.5,7.225,C,Third,True,Cherbourg
204,1,3,male,18.0,8.05,S,Third,True,Southampton
205,0,3,female,2.0,10.4625,S,Third,False,Southampton
206,0,3,male,32.0,15.85,S,Third,True,Southampton
207,1,3,male,26.0,18.7875,C,Third,True,Cherbourg
208,1,3,female,16.0,7.75,Q,Third,False,Queenstown
209,1,1,male,40.0,31.0,C,First,True,Cherbourg
210,0,3,male,24.0,7.05,S,Third,True,Southampton
211,1,2,female,35.0,21.0,S,Second,False,Southampton
212,0,3,male,22.0,7.25,S,Third,True,Southampton
213,0,2,male,30.0,13.0,S,Second,True,Southampton
214,0,3,male,29.69911764705882,7.75,Q,Third,True,Queenstown
215,1,1,female,31.0,113.275,C,First,False,Cherbourg
216,1,3,female,27.0,7.925,S,Third,False,Southampton
217,0,2,male,42.0,27.0,S,Second,True,Southampton
218,1,1,female,32.0,76.2917,C,First,False,Cherbourg
219,0,2,male,30.0,10.5,S,Second,True,Southampton
220,1,3,male,16.0,8.05,S,Third,True,Southampton
221,0,2,male,27.0,13.0,S,Second,True,Southampton
222,0,3,male,51.0,8.05,S,Third,True,Southampton
223,0,3,male,29.69911764705882,7.8958,S,Third,True,Southampton
224,1,1,male,38.0,90.0,S,First,True,Southampton
225,0,3,male,22.0,9.35,S,Third,True,Southampton
226,1,2,male,19.0,10.5,S,Second,True,Southampton
227,0,3,male,20.5,7.25,S,Third,True,Southampton
228,0,2,male,18.0,13.0,S,Second,True,Southampton
229,0,3,female,29.69911764705882,25.4667,S,Third,False,Southampton
230,1,1,female,35.0,83.475,S,First,False,Southampton
231,0,3,male,29.0,7.775,S,Third,True,Southampton
232,0,2,male,59.0,13.5,S,Second,True,Southampton
233,1,3,female,5.0,31.3875,S,Third,False,Southampton
234,0,2,male,24.0,10.5,S,Second,True,Southampton
235,0,3,female,29.69911764705882,7.55,S,Third,False,Southampton
236,0,2,male,44.0,26.0,S,Second,True,Southampton
237,1,2,female,8.0,26.25,S,Second,False,Southampton
238,0,2,male,19.0,10.5,S,Second,True,Southampton
239,0,2,male,33.0,12.275,S,Second,True,Southampton
240,0,3,female,29.69911764705882,14.4542,C,Third,False,Cherbourg
241,1,3,female,29.69911764705882,15.5,Q,Third,False,Queenstown
242,0,2,male,29.0,10.5,S,Second,True,Southampton
243,0,3,male,22.0,7.125,S,Third,True,Southampton
244,0,3,male,30.0,7.225,C,Third,True,Cherbourg
245,0,1,male,44.0,90.0,Q,First,True,Queenstown
246,0,3,female,25.0,7.775,S,Third,False,Southampton
247,1,2,female,24.0,14.5,S,Second,False,Southampton
248,1,1,male,37.0,52.5542,S,First,True,Southampton
249,0,2,male,54.0,26.0,S,Second,True,Southampton
250,0,3,male,29.69911764705882,7.25,S,Third,True,Southampton
251,0,3,female,29.0,10.4625,S,Third,False,Southampton
252,0,1,male,62.0,26.55,S,First,True,Southampton
253,0,3,male,30.0,16.1,S,Third,True,Southampton
254,0,3,female,41.0,20.2125,S,Third,False,Southampton
255,1,3,female,29.0,15.2458,C,Third,False,Cherbourg
256,1,1,female,29.69911764705882,79.2,C,First,False,Cherbourg
257,1,1,female,30.0,86.5,S,First,False,Southampton
258,1,1,female,35.0,512.3292,C,First,False,Cherbourg
259,1,2,female,50.0,26.0,S,Second,False,Southampton
260,0,3,male,29.69911764705882,7.75,Q,Third,True,Queenstown
261,1,3,male,3.0,31.3875,S,Third,False,Southampton
262,0,1,male,52.0,79.65,S,First,True,Southampton
263,0,1,male,40.0,0.0,S,First,True,Southampton
264,0,3,female,29.69911764705882,7.75,Q,Third,False,Queenstown
265,0,2,male,36.0,10.5,S,Second,True,Southampton
266,0,3,male,16.0,39.6875,S,Third,True,Southampton
267,1,3,male,25.0,7.775,S,Third,True,Southampton
268,1,1,female,58.0,153.4625,S,First,False,Southampton
269,1,1,female,35.0,135.6333,S,First,False,Southampton
270,0,1,male,29.69911764705882,31.0,S,First,True,Southampton
271,1,3,male,25.0,0.0,S,Third,True,Southampton
272,1,2,female,41.0,19.5,S,Second,False,Southampton
273,0,1,male,37.0,29.7,C,First,True,Cherbourg
274,1,3,female,29.69911764705882,7.75,Q,Third,False,Queenstown
275,1,1,female,63.0,77.9583,S,First,False,Southampton
276,0,3,female,45.0,7.75,S,Third,False,Southampton
277,0,2,male,29.69911764705882,0.0,S,Second,True,Southampton
278,0,3,male,7.0,29.125,Q,Third,False,Queenstown
279,1,3,female,35.0,20.25,S,Third,False,Southampton
280,0,3,male,65.0,7.75,Q,Third,True,Queenstown
281,0,3,male,28.0,7.8542,S,Third,True,Southampton
282,0,3,male,16.0,9.5,S,Third,True,Southampton
283,1,3,male,19.0,8.05,S,Third,True,Southampton
284,0,1,male,29.69911764705882,26.0,S,First,True,Southampton
285,0,3,male,33.0,8.6625,C,Third,True,Cherbourg
286,1,3,male,30.0,9.5,S,Third,True,Southampton
287,0,3,male,22.0,7.8958,S,Third,True,Southampton
288,1,2,male,42.0,13.0,S,Second,True,Southampton
289,1,3,female,22.0,7.75,Q,Third,False,Queenstown
290,1,1,female,26.0,78.85,S,First,False,Southampton
291,1,1,female,19.0,91.0792,C,First,False,Cherbourg
292,0,2,male,36.0,12.875,C,Second,True,Cherbourg
293,0,3,female,24.0,8.85,S,Third,False,Southampton
294,0,3,male,24.0,7.8958,S,Third,True,Southampton
295,0,1,male,29.69911764705882,27.7208,C,First,True,Cherbourg
296,0,3,male,23.5,7.2292,C,Third,True,Cherbourg
297,0,1,female,2.0,151.55,S,First,False,Southampton
298,1,1,male,29.69911764705882,30.5,S,First,True,Southampton
299,1,1,female,50.0,247.5208,C,First,False,Cherbourg
300,1,3,female,29.69911764705882,7.75,Q,Third,False,Queenstown
301,1,3,male,29.69911764705882,23.25,Q,Third,True,Queenstown
302,0,3,male,19.0,0.0,S,Third,True,Southampton
303,1,2,female,29.69911764705882,12.35,Q,Second,False,Queenstown
304,0,3,male,29.69911764705882,8.05,S,Third,True,Southampton
305,1,1,male,0.92,151.55,S,First,False,Southampton
306,1,1,female,29.69911764705882,110.8833,C,First,False,Cherbourg
307,1,1,female,17.0,108.9,C,First,False,Cherbourg
308,0,2,male,30.0,24.0,C,Second,True,Cherbourg
309,1,1,female,30.0,56.9292,C,First,False,Cherbourg
310,1,1,female,24.0,83.1583,C,First,False,Cherbourg
311,1,1,female,18.0,262.375,C,First,False,Cherbourg
312,0,2,female,26.0,26.0,S,Second,False,Southampton
313,0,3,male,28.0,7.8958,S,Third,True,Southampton
314,0,2,male,43.0,26.25,S,Second,True,Southampton
315,1,3,female,26.0,7.8542,S,Third,False,Southampton
316,1,2,female,24.0,26.0,S,Second,False,Southampton
317,0,2,male,54.0,14.0,S,Second,True,Southampton
318,1,1,female,31.0,164.8667,S,First,False,Southampton
319,1,1,female,40.0,134.5,C,First,False,Cherbourg
320,0,3,male,22.0,7.25,S,Third,True,Southampton
321,0,3,male,27.0,7.8958,S,Third,True,Southampton
322,1,2,female,30.0,12.35,Q,Second,False,Queenstown
323,1,2,female,22.0,29.0,S,Second,False,Southampton
324,0,3,male,29.69911764705882,69.55,S,Third,True,Southampton
325,1,1,female,36.0,135.6333,C,First,False,Cherbourg
326,0,3,male,61.0,6.2375,S,Third,True,Southampton
327,1,2,female,36.0,13.0,S,Second,False,Southampton
328,1,3,female,31.0,20.525,S,Third,False,Southampton
329,1,1,female,16.0,57.9792,C,First,False,Cherbourg
330,1,3,female,29.69911764705882,23.25,Q,Third,False,Queenstown
331,0,1,male,45.5,28.5,S,First,True,Southampton
332,0,1,male,38.0,153.4625,S,First,True,Southampton
333,0,3,male,16.0,18.0,S,Third,True,Southampton
334,1,1,female,29.69911764705882,133.65,S,First,False,Southampton
335,0,3,male,29.69911764705882,7.8958,S,Third,True,Southampton
336,0,1,male,29.0,66.6,S,First,True,Southampton
337,1,1,female,41.0,134.5,C,First,False,Cherbourg
338,1,3,male,45.0,8.05,S,Third,True,Southampton
339,0,1,male,45.0,35.5,S,First,True,Southampton
340,1,2,male,2.0,26.0,S,Second,False,Southampton
341,1,1,female,24.0,263.0,S,First,False,Southampton
342,0,2,male,28.0,13.0,S,Second,True,Southampton
343,0,2,male,25.0,13.0,S,Second,True,Southampton
344,0,2,male,36.0,13.0,S,Second,True,Southampton
345,1,2,female,24.0,13.0,S,Second,False,Southampton
346,1,2,female,40.0,13.0,S,Second,False,Southampton
347,1,3,female,29.69911764705882,16.1,S,Third,False,Southampton
348,1,3,male,3.0,15.9,S,Third,False,Southampton
349,0,3,male,42.0,8.6625,S,Third,True,Southampton
350,0,3,male,23.0,9.225,S,Third,True,Southampton
351,0,1,male,29.69911764705882,35.0,S,First,True,Southampton
352,0,3,male,15.0,7.2292,C,Third,False,Cherbourg
353,0,3,male,25.0,17.8,S,Third,True,Southampton
354,0,3,male,29.69911764705882,7.225,C,Third,True,Cherbourg
355,0,3,male,28.0,9.5,S,Third,True,Southampton
356,1,1,female,22.0,55.0,S,First,False,Southampton
357,0,2,female,38.0,13.0,S,Second,False,Southampton
358,1,3,female,29.69911764705882,7.8792,Q,Third,False,Queenstown
359,1,3,female,29.69911764705882,7.8792,Q,Third,False,Queenstown
360,0,3,male,40.0,27.9,S,Third,True,Southampton
361,0,2,male,29.0,27.7208,C,Second,True,Cherbourg
362,0,3,female,45.0,14.4542,C,Third,False,Cherbourg
363,0,3,male,35.0,7.05,S,Third,True,Southampton
364,0,3,male,29.69911764705882,15.5,Q,Third,True,Queenstown
365,0,3,male,30.0,7.25,S,Third,True,Southampton
366,1,1,female,60.0,75.25,C,First,False,Cherbourg
367,1,3,female,29.69911764705882,7.2292,C,Third,False,Cherbourg
368,1,3,female,29.69911764705882,7.75,Q,Third,False,Queenstown
369,1,1,female,24.0,69.3,C,First,False,Cherbourg
370,1,1,male,25.0,55.4417,C,First,True,Cherbourg
371,0,3,male,18.0,6.4958,S,Third,True,Southampton
372,0,3,male,19.0,8.05,S,Third,True,Southampton
373,0,1,male,22.0,135.6333,C,First,True,Cherbourg
374,0,3,female,3.0,21.075,S,Third,False,Southampton
375,1,1,female,29.69911764705882,82.1708,C,First,False,Cherbourg
376,1,3,female,22.0,7.25,S,Third,False,Southampton
377,0,1,male,27.0,211.5,C,First,True,Cherbourg
378,0,3,male,20.0,4.0125,C,Third,True,Cherbourg
379,0,3,male,19.0,7.775,S,Third,True,Southampton
380,1,1,female,42.0,227.525,C,First,False,Cherbourg
381,1,3,female,1.0,15.7417,C,Third,False,Cherbourg
382,0,3,male,32.0,7.925,S,Third,True,Southampton
383,1,1,female,35.0,52.0,S,First,False,Southampton
384,0,3,male,29.69911764705882,7.8958,S,Third,True,Southampton
385,0,2,male,18.0,73.5,S,Second,True,Southampton
386,0,3,male,1.0,46.9,S,Third,False,Southampton
387,1,2,female,36.0,13.0,S,Second,False,Southampton
388,0,3,male,29.69911764705882,7.7292,Q,Third,True,Queenstown
389,1,2,female,17.0,12.0,C,Second,False,Cherbourg
390,1,1,male,36.0,120.0,S,First,True,Southampton
391,1,3,male,21.0,7.7958,S,Third,True,Southampton
392,0,3,male,28.0,7.925,S,Third,True,Southampton
393,1,1,female,23.0,113.275,C,First,False,Cherbourg
394,1,3,female,24.0,16.7,S,Third,False,Southampton
395,0,3,male,22.0,7.7958,S,Third,True,Southampton
396,0,3,female,31.0,7.8542,S,Third,False,Southampton
397,0,2,male,46.0,26.0,S,Second,True,Southampton
398,0,2,male,23.0,10.5,S,Second,True,Southampton
399,1,2,female,28.0,12.65,S,Second,False,Southampton
400,1,3,male,39.0,7.925,S,Third,True,Southampton
401,0,3,male,26.0,8.05,S,Third,True,Southampton
402,0,3,female,21.0,9.825,S,Third,False,Southampton
403,0,3,male,28.0,15.85,S,Third,True,Southampton
404,0,3,female,20.0,8.6625,S,Third,False,Southampton
405,0,2,male,34.0,21.0,S,Second,True,Southampton
406,0,3,male,51.0,7.75,S,Third,True,Southampton
407,1,2,male,3.0,18.75,S,Second,False,Southampton
408,0,3,male,21.0,7.775,S,Third,True,Southampton
409,0,3,female,29.69911764705882,25.4667,S,Third,False,Southampton
410,0,3,male,29.69911764705882,7.8958,S,Third,True,Southampton
411,0,3,male,29.69911764705882,6.8583,Q,Third,True,Queenstown
412,1,1,female,33.0,90.0,Q,First,False,Queenstown
413,0,2,male,29.69911764705882,0.0,S,Second,True,Southampton
414,1,3,male,44.0,7.925,S,Third,True,Southampton
415,0,3,female,29.69911764705882,8.05,S,Third,False,Southampton
416,1,2,female,34.0,32.5,S,Second,False,Southampton
417,1,2,female,18.0,13.0,S,Second,False,Southampton
418,0,2,male,30.0,13.0,S,Second,True,Southampton
419,0,3,female,10.0,24.15,S,Third,False,Southampton
420,0,3,male,29.69911764705882,7.8958,C,Third,True,Cherbourg
421,0,3,male,21.0,7.7333,Q,Third,True,Queenstown
422,0,3,male,29.0,7.875,S,Third,True,Southampton
423,0,3,female,28.0,14.4,S,Third,False,Southampton
424,0,3,male,18.0,20.2125,S,Third,True,Southampton
425,0,3,male,29.69911764705882,7.25,S,Third,True,Southampton
426,1,2,female,28.0,26.0,S,Second,False,Southampton
427,1,2,female,19.0,26.0,S,Second,False,Southampton
428,0,3,male,29.69911764705882,7.75,Q,Third,True,Queenstown
429,1,3,male,32.0,8.05,S,Third,True,Southampton
430,1,1,male,28.0,26.55,S,First,True,Southampton
431,1,3,female,29.69911764705882,16.1,S,Third,False,Southampton
432,1,2,female,42.0,26.0,S,Second,False,Southampton
433,0,3,male,17.0,7.125,S,Third,True,Southampton
434,0,1,male,50.0,55.9,S,First,True,Southampton
435,1,1,female,14.0,120.0,S,First,False,Southampton
436,0,3,female,21.0,34.375,S,Third,False,Southampton
437,1,2,female,24.0,18.75,S,Second,False,Southampton
438,0,1,male,64.0,263.0,S,First,True,Southampton
439,0,2,male,31.0,10.5,S,Second,True,Southampton
440,1,2,female,45.0,26.25,S,Second,False,Southampton
441,0,3,male,20.0,9.5,S,Third,True,Southampton
442,0,3,male,25.0,7.775,S,Third,True,Southampton
443,1,2,female,28.0,13.0,S,Second,False,Southampton
444,1,3,male,29.69911764705882,8.1125,S,Third,True,Southampton
445,1,1,male,4.0,81.8583,S,First,False,Southampton
446,1,2,female,13.0,19.5,S,Second,False,Southampton
447,1,1,male,34.0,26.55,S,First,True,Southampton
448,1,3,female,5.0,19.2583,C,Third,False,Cherbourg
449,1,1,male,52.0,30.5,S,First,True,Southampton
450,0,2,male,36.0,27.75,S,Second,True,Southampton
451,0,3,male,29.69911764705882,19.9667,S,Third,True,Southampton
452,0,1,male,30.0,27.75,C,First,True,Cherbourg
453,1,1,male,49.0,89.1042,C,First,True,Cherbourg
454,0,3,male,29.69911764705882,8.05,S,Third,True,Southampton
455,1,3,male,29.0,7.8958,C,Third,True,Cherbourg
456,0,1,male,65.0,26.55,S,First,True,Southampton
457,1,1,female,29.69911764705882,51.8625,S,First,False,Southampton
458,1,2,female,50.0,10.5,S,Second,False,Southampton
459,0,3,male,29.69911764705882,7.75,Q,Third,True,Queenstown
460,1,1,male,48.0,26.55,S,First,True,Southampton
461,0,3,male,34.0,8.05,S,Third,True,Southampton
462,0,1,male,47.0,38.5,S,First,True,Southampton
463,0,2,male,48.0,13.0,S,Second,True,Southampton
464,0,3,male,29.69911764705882,8.05,S,Third,True,Southampton
465,0,3,male,38.0,7.05,S,Third,True,Southampton
466,0,2,male,29.69911764705882,0.0,S,Second,True,Southampton
467,0,1,male,56.0,26.55,S,First,True,Southampton
468,0,3,male,29.69911764705882,7.725,Q,Third,True,Queenstown
469,1,3,female,0.75,19.2583,C,Third,False,Cherbourg
470,0,3,male,29.69911764705882,7.25,S,Third,True,Southampton
471,0,3,male,38.0,8.6625,S,Third,True,Southampton
472,1,2,female,33.0,27.75,S,Second,False,Southampton
473,1,2,female,23.0,13.7917,C,Second,False,Cherbourg
474,0,3,female,22.0,9.8375,S,Third,False,Southampton
475,0,1,male,29.69911764705882,52.0,S,First,True,Southampton
476,0,2,male,34.0,21.0,S,Second,True,Southampton
477,0,3,male,29.0,7.0458,S,Third,True,Southampton
478,0,3,male,22.0,7.5208,S,Third,True,Southampton
479,1,3,female,2.0,12.2875,S,Third,False,Southampton
480,0,3,male,9.0,46.9,S,Third,False,Southampton
481,0,2,male,29.69911764705882,0.0,S,Second,True,Southampton
482,0,3,male,50.0,8.05,S,Third,True,Southampton
483,1,3,female,63.0,9.5875,S,Third,False,Southampton
484,1,1,male,25.0,91.0792,C,First,True,Cherbourg
485,0,3,female,29.69911764705882,25.4667,S,Third,False,Southampton
486,1,1,female,35.0,90.0,S,First,False,Southampton
487,0,1,male,58.0,29.7,C,First,True,Cherbourg
488,0,3,male,30.0,8.05,S,Third,True,Southampton
489,1,3,male,9.0,15.9,S,Third,False,Southampton
490,0,3,male,29.69911764705882,19.9667,S,Third,True,Southampton
491,0,3,male,21.0,7.25,S,Third,True,Southampton
492,0,1,male,55.0,30.5,S,First,True,Southampton
493,0,1,male,71.0,49.5042,C,First,True,Cherbourg
494,0,3,male,21.0,8.05,S,Third,True,Southampton
495,0,3,male,29.69911764705882,14.4583,C,Third,True,Cherbourg
496,1,1,female,54.0,78.2667,C,First,False,Cherbourg
497,0,3,male,29.69911764705882,15.1,S,Third,True,Southampton
498,0,1,female,25.0,151.55,S,First,False,Southampton
499,0,3,male,24.0,7.7958,S,Third,True,Southampton
500,0,3,male,17.0,8.6625,S,Third,True,Southampton
501,0,3,female,21.0,7.75,Q,Third,False,Queenstown
502,0,3,female,29.69911764705882,7.6292,Q,Third,False,Queenstown
503,0,3,female,37.0,9.5875,S,Third,False,Southampton
504,1,1,female,16.0,86.5,S,First,False,Southampton
505,0,1,male,18.0,108.9,C,First,True,Cherbourg
506,1,2,female,33.0,26.0,S,Second,False,Southampton
507,1,1,male,29.69911764705882,26.55,S,First,True,Southampton
508,0,3,male,28.0,22.525,S,Third,True,Southampton
509,1,3,male,26.0,56.4958,S,Third,True,Southampton
510,1,3,male,29.0,7.75,Q,Third,True,Queenstown
511,0,3,male,29.69911764705882,8.05,S,Third,True,Southampton
512,1,1,male,36.0,26.2875,S,First,True,Southampton
513,1,1,female,54.0,59.4,C,First,False,Cherbourg
514,0,3,male,24.0,7.4958,S,Third,True,Southampton
515,0,1,male,47.0,34.0208,S,First,True,Southampton
516,1,2,female,34.0,10.5,S,Second,False,Southampton
517,0,3,male,29.69911764705882,24.15,Q,Third,True,Queenstown
518,1,2,female,36.0,26.0,S,Second,False,Southampton
519,0,3,male,32.0,7.8958,S,Third,True,Southampton
520,1,1,female,30.0,93.5,S,First,False,Southampton
521,0,3,male,22.0,7.8958,S,Third,True,Southampton
522,0,3,male,29.69911764705882,7.225,C,Third,True,Cherbourg
523,1,1,female,44.0,57.9792,C,First,False,Cherbourg
524,0,3,male,29.69911764705882,7.2292,C,Third,True,Cherbourg
525,0,3,male,40.5,7.75,Q,Third,True,Queenstown
526,1,2,female,50.0,10.5,S,Second,False,Southampton
527,0,1,male,29.69911764705882,221.7792,S,First,True,Southampton
528,0,3,male,39.0,7.925,S,Third,True,Southampton
529,0,2,male,23.0,11.5,S,Second,True,Southampton
530,1,2,female,2.0,26.0,S,Second,False,Southampton
531,0,3,male,29.69911764705882,7.2292,C,Third,True,Cherbourg
532,0,3,male,17.0,7.2292,C,Third,True,Cherbourg
533,1,3,female,29.69911764705882,22.3583,C,Third,False,Cherbourg
534,0,3,female,30.0,8.6625,S,Third,False,Southampton
535,1,2,female,7.0,26.25,S,Second,False,Southampton
536,0,1,male,45.0,26.55,S,First,True,Southampton
537,1,1,female,30.0,106.425,C,First,False,Cherbourg
538,0,3,male,29.69911764705882,14.5,S,Third,True,Southampton
539,1,1,female,22.0,49.5,C,First,False,Cherbourg
540,1,1,female,36.0,71.0,S,First,False,Southampton
541,0,3,female,9.0,31.275,S,Third,False,Southampton
542,0,3,female,11.0,31.275,S,Third,False,Southampton
543,1,2,male,32.0,26.0,S,Second,True,Southampton
544,0,1,male,50.0,106.425,C,First,True,Cherbourg
545,0,1,male,64.0,26.0,S,First,True,Southampton
546,1,2,female,19.0,26.0,S,Second,False,Southampton
547,1,2,male,29.69911764705882,13.8625,C,Second,True,Cherbourg
548,0,3,male,33.0,20.525,S,Third,True,Southampton
549,1,2,male,8.0,36.75,S,Second,False,Southampton
550,1,1,male,17.0,110.8833,C,First,True,Cherbourg
551,0,2,male,27.0,26.0,S,Second,True,Southampton
552,0,3,male,29.69911764705882,7.8292,Q,Third,True,Queenstown
553,1,3,male,22.0,7.225,C,Third,True,Cherbourg
554,1,3,female,22.0,7.775,S,Third,False,Southampton
555,0,1,male,62.0,26.55,S,First,True,Southampton
556,1,1,female,48.0,39.6,C,First,False,Cherbourg
557,0,1,male,29.69911764705882,227.525,C,First,True,Cherbourg
558,1,1,female,39.0,79.65,S,First,False,Southampton
559,1,3,female,36.0,17.4,S,Third,False,Southampton
560,0,3,male,29.69911764705882,7.75,Q,Third,True,Queenstown
561,0,3,male,40.0,7.8958,S,Third,True,Southampton
562,0,2,male,28.0,13.5,S,Second,True,Southampton
563,0,3,male,29.69911764705882,8.05,S,Third,True,Southampton
564,0,3,female,29.69911764705882,8.05,S,Third,False,Southampton
565,0,3,male,24.0,24.15,S,Third,True,Southampton
566,0,3,male,19.0,7.8958,S,Third,True,Southampton
567,0,3,female,29.0,21.075,S,Third,False,Southampton
568,0,3,male,29.69911764705882,7.2292,C,Third,True,Cherbourg
569,1,3,male,32.0,7.8542,S,Third,True,Southampton
570,1,2,male,62.0,10.5,S,Second,True,Southampton
571,1,1,female,53.0,51.4792,S,First,False,Southampton
572,1,1,male,36.0,26.3875,S,First,True,Southampton
573,1,3,female,29.69911764705882,7.75,Q,Third,False,Queenstown
574,0,3,male,16.0,8.05,S,Third,True,Southampton
575,0,3,male,19.0,14.5,S,Third,True,Southampton
576,1,2,female,34.0,13.0,S,Second,False,Southampton
577,1,1,female,39.0,55.9,S,First,False,Southampton
578,0,3,female,29.69911764705882,14.4583,C,Third,False,Cherbourg
579,1,3,male,32.0,7.925,S,Third,True,Southampton
580,1,2,female,25.0,30.0,S,Second,False,Southampton
581,1,1,female,39.0,110.8833,C,First,False,Cherbourg
582,0,2,male,54.0,26.0,S,Second,True,Southampton
583,0,1,male,36.0,40.125,C,First,True,Cherbourg
584,0,3,male,29.69911764705882,8.7125,C,Third,True,Cherbourg
585,1,1,female,18.0,79.65,S,First,False,Southampton
586,0,2,male,47.0,15.0,S,Second,True,Southampton
587,1,1,male,60.0,79.2,C,First,True,Cherbourg
588,0,3,male,22.0,8.05,S,Third,True,Southampton
589,0,3,male,29.69911764705882,8.05,S,Third,True,Southampton
590,0,3,male,35.0,7.125,S,Third,True,Southampton
591,1,1,female,52.0,78.2667,C,First,False,Cherbourg
592,0,3,male,47.0,7.25,S,Third,True,Southampton
593,0,3,female,29.69911764705882,7.75,Q,Third,False,Queenstown
594,0,2,male,37.0,26.0,S,Second,True,Southampton
595,0,3,male,36.0,24.15,S,Third,True,Southampton
596,1,2,female,29.69911764705882,33.0,S,Second,False,Southampton
597,0,3,male,49.0,0.0,S,Third,True,Southampton
598,0,3,male,29.69911764705882,7.225,C,Third,True,Cherbourg
599,1,1,male,49.0,56.9292,C,First,True,Cherbourg
600,1,2,female,24.0,27.0,S,Second,False,Southampton
601,0,3,male,29.69911764705882,7.8958,S,Third,True,Southampton
602,0,1,male,29.69911764705882,42.4,S,First,True,Southampton
603,0,3,male,44.0,8.05,S,Third,True,Southampton
604,1,1,male,35.0,26.55,C,First,True,Cherbourg
605,0,3,male,36.0,15.55,S,Third,True,Southampton
606,0,3,male,30.0,7.8958,S,Third,True,Southampton
607,1,1,male,27.0,30.5,S,First,True,Southampton
608,1,2,female,22.0,41.5792,C,Second,False,Cherbourg
609,1,1,female,40.0,153.4625,S,First,False,Southampton
610,0,3,female,39.0,31.275,S,Third,False,Southampton
611,0,3,male,29.69911764705882,7.05,S,Third,True,Southampton
612,1,3,female,29.69911764705882,15.5,Q,Third,False,Queenstown
613,0,3,male,29.69911764705882,7.75,Q,Third,True,Queenstown
614,0,3,male,35.0,8.05,S,Third,True,Southampton
615,1,2,female,24.0,65.0,S,Second,False,Southampton
616,0,3,male,34.0,14.4,S,Third,True,Southampton
617,0,3,female,26.0,16.1,S,Third,False,Southampton
618,1,2,female,4.0,39.0,S,Second,False,Southampton
619,0,2,male,26.0,10.5,S,Second,True,Southampton
620,0,3,male,27.0,14.4542,C,Third,True,Cherbourg
621,1,1,male,42.0,52.5542,S,First,True,Southampton
622,1,3,male,20.0,15.7417,C,Third,True,Cherbourg
623,0,3,male,21.0,7.8542,S,Third,True,Southampton
624,0,3,male,21.0,16.1,S,Third,True,Southampton
625,0,1,male,61.0,32.3208,S,First,True,Southampton
626,0,2,male,57.0,12.35,Q,Second,True,Queenstown
627,1,1,female,21.0,77.9583,S,First,False,Southampton
628,0,3,male,26.0,7.8958,S,Third,True,Southampton
629,0,3,male,29.69911764705882,7.7333,Q,Third,True,Queenstown
630,1,1,male,80.0,30.0,S,First,True,Southampton
631,0,3,male,51.0,7.0542,S,Third,True,Southampton
632,1,1,male,32.0,30.5,C,First,True,Cherbourg
633,0,1,male,29.69911764705882,0.0,S,First,True,Southampton
634,0,3,female,9.0,27.9,S,Third,False,Southampton
635,1,2,female,28.0,13.0,S,Second,False,Southampton
636,0,3,male,32.0,7.925,S,Third,True,Southampton
637,0,2,male,31.0,26.25,S,Second,True,Southampton
638,0,3,female,41.0,39.6875,S,Third,False,Southampton
639,0,3,male,29.69911764705882,16.1,S,Third,True,Southampton
640,0,3,male,20.0,7.8542,S,Third,True,Southampton
641,1,1,female,24.0,69.3,C,First,False,Cherbourg
642,0,3,female,2.0,27.9,S,Third,False,Southampton
643,1,3,male,29.69911764705882,56.4958,S,Third,True,Southampton
644,1,3,female,0.75,19.2583,C,Third,False,Cherbourg
645,1,1,male,48.0,76.7292,C,First,True,Cherbourg
646,0,3,male,19.0,7.8958,S,Third,True,Southampton
647,1,1,male,56.0,35.5,C,First,True,Cherbourg
648,0,3,male,29.69911764705882,7.55,S,Third,True,Southampton
649,1,3,female,23.0,7.55,S,Third,False,Southampton
650,0,3,male,29.69911764705882,7.8958,S,Third,True,Southampton
651,1,2,female,18.0,23.0,S,Second,False,Southampton
652,0,3,male,21.0,8.4333,S,Third,True,Southampton
653,1,3,female,29.69911764705882,7.8292,Q,Third,False,Queenstown
654,0,3,female,18.0,6.75,Q,Third,False,Queenstown
655,0,2,male,24.0,73.5,S,Second,True,Southampton
656,0,3,male,29.69911764705882,7.8958,S,Third,True,Southampton
657,0,3,female,32.0,15.5,Q,Third,False,Queenstown
658,0,2,male,23.0,13.0,S,Second,True,Southampton
659,0,1,male,58.0,113.275,C,First,True,Cherbourg
660,1,1,male,50.0,133.65,S,First,True,Southampton
661,0,3,male,40.0,7.225,C,Third,True,Cherbourg
662,0,1,male,47.0,25.5875,S,First,True,Southampton
663,0,3,male,36.0,7.4958,S,Third,True,Southampton
664,1,3,male,20.0,7.925,S,Third,True,Southampton
665,0,2,male,32.0,73.5,S,Second,True,Southampton
666,0,2,male,25.0,13.0,S,Second,True,Southampton
667,0,3,male,29.69911764705882,7.775,S,Third,True,Southampton
668,0,3,male,43.0,8.05,S,Third,True,Southampton
669,1,1,female,29.69911764705882,52.0,S,First,False,Southampton
670,1,2,female,40.0,39.0,S,Second,False,Southampton
671,0,1,male,31.0,52.0,S,First,True,Southampton
672,0,2,male,70.0,10.5,S,Second,True,Southampton
673,1,2,male,31.0,13.0,S,Second,True,Southampton
674,0,2,male,29.69911764705882,0.0,S,Second,True,Southampton
675,0,3,male,18.0,7.775,S,Third,True,Southampton
676,0,3,male,24.5,8.05,S,Third,True,Southampton
677,1,3,female,18.0,9.8417,S,Third,False,Southampton
678,0,3,female,43.0,46.9,S,Third,False,Southampton
679,1,1,male,36.0,512.3292,C,First,True,Cherbourg
680,0,3,female,29.69911764705882,8.1375,Q,Third,False,Queenstown
681,1,1,male,27.0,76.7292,C,First,True,Cherbourg
682,0,3,male,20.0,9.225,S,Third,True,Southampton
683,0,3,male,14.0,46.9,S,Third,False,Southampton
684,0,2,male,60.0,39.0,S,Second,True,Southampton
685,0,2,male,25.0,41.5792,C,Second,True,Cherbourg
686,0,3,male,14.0,39.6875,S,Third,False,Southampton
687,0,3,male,19.0,10.1708,S,Third,True,Southampton
688,0,3,male,18.0,7.7958,S,Third,True,Southampton
689,1,1,female,15.0,211.3375,S,First,False,Southampton
690,1,1,male,31.0,57.0,S,First,True,Southampton
691,1,3,female,4.0,13.4167,C,Third,False,Cherbourg
692,1,3,male,29.69911764705882,56.4958,S,Third,True,Southampton
693,0,3,male,25.0,7.225,C,Third,True,Cherbourg
694,0,1,male,60.0,26.55,S,First,True,Southampton
695,0,2,male,52.0,13.5,S,Second,True,Southampton
696,0,3,male,44.0,8.05,S,Third,True,Southampton
697,1,3,female,29.69911764705882,7.7333,Q,Third,False,Queenstown
698,0,1,male,49.0,110.8833,C,First,True,Cherbourg
699,0,3,male,42.0,7.65,S,Third,True,Southampton
700,1,1,female,18.0,227.525,C,First,False,Cherbourg
701,1,1,male,35.0,26.2875,S,First,True,Southampton
702,0,3,female,18.0,14.4542,C,Third,False,Cherbourg
703,0,3,male,25.0,7.7417,Q,Third,True,Queenstown
704,0,3,male,26.0,7.8542,S,Third,True,Southampton
705,0,2,male,39.0,26.0,S,Second,True,Southampton
706,1,2,female,45.0,13.5,S,Second,False,Southampton
707,1,1,male,42.0,26.2875,S,First,True,Southampton
708,1,1,female,22.0,151.55,S,First,False,Southampton
709,1,3,male,29.69911764705882,15.2458,C,Third,True,Cherbourg
710,1,1,female,24.0,49.5042,C,First,False,Cherbourg
711,0,1,male,29.69911764705882,26.55,S,First,True,Southampton
712,1,1,male,48.0,52.0,S,First,True,Southampton
713,0,3,male,29.0,9.4833,S,Third,True,Southampton
714,0,2,male,52.0,13.0,S,Second,True,Southampton
715,0,3,male,19.0,7.65,S,Third,True,Southampton
716,1,1,female,38.0,227.525,C,First,False,Cherbourg
717,1,2,female,27.0,10.5,S,Second,False,Southampton
718,0,3,male,29.69911764705882,15.5,Q,Third,True,Queenstown
719,0,3,male,33.0,7.775,S,Third,True,Southampton
720,1,2,female,6.0,33.0,S,Second,False,Southampton
721,0,3,male,17.0,7.0542,S,Third,True,Southampton
722,0,2,male,34.0,13.0,S,Second,True,Southampton
723,0,2,male,50.0,13.0,S,Second,True,Southampton
724,1,1,male,27.0,53.1,S,First,True,Southampton
725,0,3,male,20.0,8.6625,S,Third,True,Southampton
726,1,2,female,30.0,21.0,S,Second,False,Southampton
727,1,3,female,29.69911764705882,7.7375,Q,Third,False,Queenstown
728,0,2,male,25.0,26.0,S,Second,True,Southampton
729,0,3,female,25.0,7.925,S,Third,False,Southampton
730,1,1,female,29.0,211.3375,S,First,False,Southampton
731,0,3,male,11.0,18.7875,C,Third,False,Cherbourg
732,0,2,male,29.69911764705882,0.0,S,Second,True,Southampton
733,0,2,male,23.0,13.0,S,Second,True,Southampton
734,0,2,male,23.0,13.0,S,Second,True,Southampton
735,0,3,male,28.5,16.1,S,Third,True,Southampton
736,0,3,female,48.0,34.375,S,Third,False,Southampton
737,1,1,male,35.0,512.3292,C,First,True,Cherbourg
738,0,3,male,29.69911764705882,7.8958,S,Third,True,Southampton
739,0,3,male,29.69911764705882,7.8958,S,Third,True,Southampton
740,1,1,male,29.69911764705882,30.0,S,First,True,Southampton
741,0,1,male,36.0,78.85,S,First,True,Southampton
742,1,1,female,21.0,262.375,C,First,False,Cherbourg
743,0,3,male,24.0,16.1,S,Third,True,Southampton
744,1,3,male,31.0,7.925,S,Third,True,Southampton
745,0,1,male,70.0,71.0,S,First,True,Southampton
746,0,3,male,16.0,20.25,S,Third,True,Southampton
747,1,2,female,30.0,13.0,S,Second,False,Southampton
748,0,1,male,19.0,53.1,S,First,True,Southampton
749,0,3,male,31.0,7.75,Q,Third,True,Queenstown
750,1,2,female,4.0,23.0,S,Second,False,Southampton
751,1,3,male,6.0,12.475,S,Third,False,Southampton
752,0,3,male,33.0,9.5,S,Third,True,Southampton
753,0,3,male,23.0,7.8958,S,Third,True,Southampton
754,1,2,female,48.0,65.0,S,Second,False,Southampton
755,1,2,male,0.67,14.5,S,Second,False,Southampton
756,0,3,male,28.0,7.7958,S,Third,True,Southampton
757,0,2,male,18.0,11.5,S,Second,True,Southampton
758,0,3,male,34.0,8.05,S,Third,True,Southampton
759,1,1,female,33.0,86.5,S,First,False,Southampton
760,0,3,male,29.69911764705882,14.5,S,Third,True,Southampton
761,0,3,male,41.0,7.125,S,Third,True,Southampton
762,1,3,male,20.0,7.2292,C,Third,True,Cherbourg
763,1,1,female,36.0,120.0,S,First,False,Southampton
764,0,3,male,16.0,7.775,S,Third,True,Southampton
765,1,1,female,51.0,77.9583,S,First,False,Southampton
766,0,1,male,29.69911764705882,39.6,C,First,True,Cherbourg
767,0,3,female,30.5,7.75,Q,Third,False,Queenstown
768,0,3,male,29.69911764705882,24.15,Q,Third,True,Queenstown
769,0,3,male,32.0,8.3625,S,Third,True,Southampton
770,0,3,male,24.0,9.5,S,Third,True,Southampton
771,0,3,male,48.0,7.8542,S,Third,True,Southampton
772,0,2,female,57.0,10.5,S,Second,False,Southampton
773,0,3,male,29.69911764705882,7.225,C,Third,True,Cherbourg
774,1,2,female,54.0,23.0,S,Second,False,Southampton
775,0,3,male,18.0,7.75,S,Third,True,Southampton
776,0,3,male,29.69911764705882,7.75,Q,Third,True,Queenstown
777,1,3,female,5.0,12.475,S,Third,False,Southampton
778,0,3,male,29.69911764705882,7.7375,Q,Third,True,Queenstown
779,1,1,female,43.0,211.3375,S,First,False,Southampton
780,1,3,female,13.0,7.2292,C,Third,False,Cherbourg
781,1,1,female,17.0,57.0,S,First,False,Southampton
782,0,1,male,29.0,30.0,S,First,True,Southampton
783,0,3,male,29.69911764705882,23.45,S,Third,True,Southampton
784,0,3,male,25.0,7.05,S,Third,True,Southampton
785,0,3,male,25.0,7.25,S,Third,True,Southampton
786,1,3,female,18.0,7.4958,S,Third,False,Southampton
787,0,3,male,8.0,29.125,Q,Third,False,Queenstown
788,1,3,male,1.0,20.575,S,Third,False,Southampton
789,0,1,male,46.0,79.2,C,First,True,Cherbourg
790,0,3,male,29.69911764705882,7.75,Q,Third,True,Queenstown
791,0,2,male,16.0,26.0,S,Second,True,Southampton
792,0,3,female,29.69911764705882,69.55,S,Third,False,Southampton
793,0,1,male,29.69911764705882,30.6958,C,First,True,Cherbourg
794,0,3,male,25.0,7.8958,S,Third,True,Southampton
795,0,2,male,39.0,13.0,S,Second,True,Southampton
796,1,1,female,49.0,25.9292,S,First,False,Southampton
797,1,3,female,31.0,8.6833,S,Third,False,Southampton
798,0,3,male,30.0,7.2292,C,Third,True,Cherbourg
799,0,3,female,30.0,24.15,S,Third,False,Southampton
800,0,2,male,34.0,13.0,S,Second,True,Southampton
801,1,2,female,31.0,26.25,S,Second,False,Southampton
802,1,1,male,11.0,120.0,S,First,False,Southampton
803,1,3,male,0.42,8.5167,C,Third,False,Cherbourg
804,1,3,male,27.0,6.975,S,Third,True,Southampton
805,0,3,male,31.0,7.775,S,Third,True,Southampton
806,0,1,male,39.0,0.0,S,First,True,Southampton
807,0,3,female,18.0,7.775,S,Third,False,Southampton
808,0,2,male,39.0,13.0,S,Second,True,Southampton
809,1,1,female,33.0,53.1,S,First,False,Southampton
810,0,3,male,26.0,7.8875,S,Third,True,Southampton
811,0,3,male,39.0,24.15,S,Third,True,Southampton
812,0,2,male,35.0,10.5,S,Second,True,Southampton
813,0,3,female,6.0,31.275,S,Third,False,Southampton
814,0,3,male,30.5,8.05,S,Third,True,Southampton
815,0,1,male,29.69911764705882,0.0,S,First,True,Southampton
816,0,3,female,23.0,7.925,S,Third,False,Southampton
817,0,2,male,31.0,37.0042,C,Second,True,Cherbourg
818,0,3,male,43.0,6.45,S,Third,True,Southampton
819,0,3,male,10.0,27.9,S,Third,False,Southampton
820,1,1,female,52.0,93.5,S,First,False,Southampton
821,1,3,male,27.0,8.6625,S,Third,True,Southampton
822,0,1,male,38.0,0.0,S,First,True,Southampton
823,1,3,female,27.0,12.475,S,Third,False,Southampton
824,0,3,male,2.0,39.6875,S,Third,False,Southampton
825,0,3,male,29.69911764705882,6.95,Q,Third,True,Queenstown
826,0,3,male,29.69911764705882,56.4958,S,Third,True,Southampton
827,1,2,male,1.0,37.0042,C,Second,False,Cherbourg
828,1,3,male,29.69911764705882,7.75,Q,Third,True,Queenstown
829,1,1,female,62.0,80.0,,First,False,
830,1,3,female,15.0,14.4542,C,Third,False,Cherbourg
831,1,2,male,0.83,18.75,S,Second,False,Southampton
832,0,3,male,29.69911764705882,7.2292,C,Third,True,Cherbourg
833,0,3,male,23.0,7.8542,S,Third,True,Southampton
834,0,3,male,18.0,8.3,S,Third,True,Southampton
835,1,1,female,39.0,83.1583,C,First,False,Cherbourg
836,0,3,male,21.0,8.6625,S,Third,True,Southampton
837,0,3,male,29.69911764705882,8.05,S,Third,True,Southampton
838,1,3,male,32.0,56.4958,S,Third,True,Southampton
839,1,1,male,29.69911764705882,29.7,C,First,True,Cherbourg
840,0,3,male,20.0,7.925,S,Third,True,Southampton
841,0,2,male,16.0,10.5,S,Second,True,Southampton
842,1,1,female,30.0,31.0,C,First,False,Cherbourg
843,0,3,male,34.5,6.4375,C,Third,True,Cherbourg
844,0,3,male,17.0,8.6625,S,Third,True,Southampton
845,0,3,male,42.0,7.55,S,Third,True,Southampton
846,0,3,male,29.69911764705882,69.55,S,Third,True,Southampton
847,0,3,male,35.0,7.8958,C,Third,True,Cherbourg
848,0,2,male,28.0,33.0,S,Second,True,Southampton
849,1,1,female,29.69911764705882,89.1042,C,First,False,Cherbourg
850,0,3,male,4.0,31.275,S,Third,False,Southampton
851,0,3,male,74.0,7.775,S,Third,True,Southampton
852,0,3,female,9.0,15.2458,C,Third,False,Cherbourg
853,1,1,female,16.0,39.4,S,First,False,Southampton
854,0,2,female,44.0,26.0,S,Second,False,Southampton
855,1,3,female,18.0,9.35,S,Third,False,Southampton
856,1,1,female,45.0,164.8667,S,First,False,Southampton
857,1,1,male,51.0,26.55,S,First,True,Southampton
858,1,3,female,24.0,19.2583,C,Third,False,Cherbourg
859,0,3,male,29.69911764705882,7.2292,C,Third,True,Cherbourg
860,0,3,male,41.0,14.1083,S,Third,True,Southampton
861,0,2,male,21.0,11.5,S,Second,True,Southampton
862,1,1,female,48.0,25.9292,S,First,False,Southampton
863,0,3,female,29.69911764705882,69.55,S,Third,False,Southampton
864,0,2,male,24.0,13.0,S,Second,True,Southampton
865,1,2,female,42.0,13.0,S,Second,False,Southampton
866,1,2,female,27.0,13.8583,C,Second,False,Cherbourg
867,0,1,male,31.0,50.4958,S,First,True,Southampton
868,0,3,male,29.69911764705882,9.5,S,Third,True,Southampton
869,1,3,male,4.0,11.1333,S,Third,False,Southampton
870,0,3,male,26.0,7.8958,S,Third,True,Southampton
871,1,1,female,47.0,52.5542,S,First,False,Southampton
872,0,1,male,33.0,5.0,S,First,True,Southampton
873,0,3,male,47.0,9.0,S,Third,True,Southampton
874,1,2,female,28.0,24.0,C,Second,False,Cherbourg
875,1,3,female,15.0,7.225,C,Third,False,Cherbourg
876,0,3,male,20.0,9.8458,S,Third,True,Southampton
877,0,3,male,19.0,7.8958,S,Third,True,Southampton
878,0,3,male,29.69911764705882,7.8958,S,Third,True,Southampton
879,1,1,female,56.0,83.1583,C,First,False,Cherbourg
880,1,2,female,25.0,26.0,S,Second,False,Southampton
881,0,3,male,33.0,7.8958,S,Third,True,Southampton
882,0,3,female,22.0,10.5167,S,Third,False,Southampton
883,0,2,male,28.0,10.5,S,Second,True,Southampton
884,0,3,male,25.0,7.05,S,Third,True,Southampton
885,0,3,female,39.0,29.125,Q,Third,False,Queenstown
886,0,2,male,27.0,13.0,S,Second,True,Southampton
887,1,1,female,19.0,30.0,S,First,False,Southampton
888,0,3,female,29.69911764705882,23.45,S,Third,False,Southampton
889,1,1,male,26.0,30.0,C,First,True,Cherbourg
890,0,3,male,32.0,7.75,Q,Third,True,Queenstown